Codon,EN amino acid,RU amino acid
AAA,Lys,Лиз
AAC,Asn,Асп
AAG,Lys,Лиз
AAT,Asn,Асп
ACA,Thr,Тре
ACC,Thr,Тре
ACG,Thr,Тре
ACT,Thr,Тре
AGA,Arg,Арг
AGC,Ser,Сер
AGG,Arg,Арг
AGT,Ser,Сер
ATA,Ile,Изо
ATC,Ile,Изо
ATG,Met,Мет
ATT,Ile,Изо
CAA,Gln,Глу
CAC,His,Гис
CAG,Gln,Глу
CAT,His,Гис
CCA,Pro,Про
CCC,Pro,Про
CCG,Pro,Про
CCT,Pro,Про
CGA,Arg,Арг
CGC,Arg,Арг
CGG,Arg,Арг
CGT,Arg,Арг
CTA,Leu,Лей
CTC,Leu,Лей
CTG,Leu,Лей
CTT,Leu,Лей
GAA,Glu,Глу
GAC,Asp,Асп
GAG,Glu,Глу
GAT,Asp,Асп
GCA,Ala,Ала
GCC,Ala,Ала
GCG,Ala,Ала
GCT,Ala,Ала
GGA,Gly,Гли
GGC,Gly,Гли
GGG,Gly,Гли
GGT,Gly,Гли
GTA,Val,Вал
GTC,Val,Вал
GTG,Val,Вал
GTT,Val,Вал
TAA,Stop,Стоп
TAC,Tyr,Тир
TAG,Stop,Стоп
TAT,Tyr,Тир
TCA,Ser,Сер
TCC,Ser,Сер
TCG,Ser,Сер
TCT,Ser,Сер
TGA,Stop,Стоп
TGC,Cys,Цис
TGG,Trp,Три
TGT,Cys,Цис
TTA,Leu,Лей
TTC,Phe,Фен
TTG,Leu,Лей
TTT,Phe,Фен